Cultivar_Replicate,Reps,Local Gov ,Market,Wk2PH,Wk2NL,Wk2NB,Wk2LL,Wk2LB,Wk2SD,Wk3PH,Wk3NL,Wk3NB,Wk3LL,Wk3LB,Wk3SD,Wk4PH,Wk4NL,Wk4NB,Wk4LL,Wk4LB,Wk4SD,Wk5PH,Wk5NL,Wk5NB,Wk5LL,Wk5LB,Wk5SD,Wk6PH,Wk6NL,Wk6NB,Wk6LL,Wk6LB,Wk6SD,Days_To_First_Flowering,Days_To_50%_Flowering,Flowring Category early(38-40) intermediate(41-45) late(46-51),Number of Pods,Pod Height(cm),Pod weight/pod,Average pod weight,Number of seeds,Seed weight,Average seed weight,Seed color
1a,1,Kura Local Gov Kano,Kura Market,27.7,23,1,9.5,5,,42,35,2,9.6,5.2,,59.5,34,2,9.8,5,0.5,75,58,3,10,5.8,0.45,162,50,3,10.2,5,0.45,32,38,Early,,,,,,,,
1b,,Kura Local Gov Kano,Kura Market,20.3,23,,7.9,4.4,,24,28,,8,4.9,,38.6,29,,8.2,5.1,0.45,26,42,,8.2,5.1,0.5,27,50,,8,5,0.5,32,38,Early,,,,,,,,
2a,2,Kura Local Gov Kano,Dan hassan market,22.2,20,,7.3,4.9,,24,23,,8.9,5.6,,35.1,25,,8.9,6.1,0.5,35,20,,6,4,0.51,30,32,,6.4,4.3,0.52,36,42,Intermediate ,,,,,,,,
2b,,Kura Local Gov Kano,Dan hassan market,25.4,22,2,12.4,5.3,,26,26,2,12.5,6,,62.1,36,2,12.5,6.2,0.5,26,89,3,9.8,6,0.65,103,88,3,9,5.9,0.65,36,42,Intermediate ,,,,,,,,
3a,3,Kumbotso Local Gov Kano,Kumbotso Market,25.6,25,2,9.3,4.7,,72,38,1,9.3,6.8,,149,45,2,9.5,6.8,0.55,158,89,2,7.6,6.5,0.45,130,80,2,7.9,5.6,0.46,28,38,Early,3,"13,10,5.8","1.563,0.974,0.89",1.14,"6,5,1","6(0.27,0.27,0.27,0.87,0.50,0.29) 5(0.24,0.23.0.117,0.23,0.2) 1(0.14)","0.411,0.20,0.14",Brown
3b,,Kumbotso Local Gov Kano,Kumbotso Market,15.4,29,2,7.9,4.7,,69.2,32,2,10.3,5.9,,69.8,34,3,10.5,6.3,0.5,60,38,2,8.3,5.5,0.6,66,40,2,8.3,5.7,0.61,28,38,Early,,,,,,,,
4a,4,Kumbotso Local Gov Kano,Garu Market,30,26,2,8.3,6.8,,63,42,2,9.8,8.1,,112.1,60,2,10.4,8.5,0.6,203,69,2,,,0.5,205,78,2,,,0.5,,,,,,,,,,,
4b,,Kumbotso Local Gov Kano,Garu Market,22.3,18,2,6.5,3.1,,23,20,2,6.9,3.4,,24.1,35,3,7,4,0.5,44,40,3,8,5,0.6,43,49,3,8,5.4,0.6,,,,,,,,,,,
5a,5,Bichi Local Gov Kano,Danzabura Market,26.1,26,,9.4,4.7,,40.1,32,2,10.2,7.2,,178,50,2,10.5,8,0.51,197,47,1,10.5,6,0.51,199,51,1,10.7,6,0.55,37,45,Intermediate ,1,6.5,0.462,0.46,2,"2(0.223,0.149)",0.186,Brown
5b,,Bichi Local Gov Kano,Danzabura Market,20.8,20,2,6.3,4.1,,23.1,21,2,7.3,4.3,,39.9,22,2,7.8,,0.5,,,,,,0.5,,,,,,0.55,37,45,Intermediate ,,,,,,,,
6a,6,Bichi Local Gov Kano,Bichi Market,24,13,,8.4,3.6,,26.5,13,,7.9,3.8,,27,14,,8,4.3,0.5,36,27,1,8,3.7,0.55,36,36,1,8.2,3.9,0.55,33,38,Early,,,,,,,,
6b,,Bichi Local Gov Kano,Bichi Market,26.4,14,2,7.3,4.7,,27,24,2,9,6,,27.3,24,3,10.2,6.2,0.5,28,25,3,7.5,5.5,0.5,29.5,36,3,7,5.4,0.52,33,38,Early,,,,,,,,
7a,7,Samalia Local Gov,Sumailia Market,20.1,13,,4.6,2.9,,22,17,,5.9,3.2,,24.1,23,,8.5,4.3,0.45,41,32,1,9,5.4,0.5,52,28,1,8.6,5.8,0.55,34,39,Early,,,,,,,,
7b,,Samalia Local Gov,Sumailia Market,16.6,21,,6.4,4.2,,18,23,,7.8,4.2,,22.3,25,,8,4.6,0.46,24,73,1,7,4.4,0.6,26,79,1,8.1,4.4,0.6,34,39,Early,,,,,,,,
8a,8,Samalia Local Gov,Gani Market,23.4,26,1,8.5,4.3,,28,31,,9,4.5,,30.3,53,2,10,5.3,0.45,31,102,2,8.5,5.5,0.45,40,94,2,6,5.3,0.45,36,38,Early,3,"4.3,6.2,8","0.399,0.405,0.390",0.4,"3,3,5","3(0.15,0.11,0.49) 3(0.04,0.06,0.1) 5(0.104, 0.098, 0.112, 0.107, 0.109)","0.25,0.11",Brown
8b,,Samalia Local Gov,Gani Market,16.1,11,,1,1.9,,18,15,,4.2,2,,21,30,,6.1,4.2,0.49,,,,,,,,,,,,,36,38,Early ,,,,,,,,
9a,9,Rano Local Gov,Rano Market,21.9,29,1,10.4,6.2,,25.2,35,1,10,6.2,,25.1,45,2,11.6,6.2,0.5,,,2,,,,,,2,,,,36,38,Early,,,,,,,,
9b,,Rano Local Gov,Rano Market,38.3,21,1,10.6,6.2,,84,22,1,11.1,6.9,,134.1,35,3,12.7,6.9,0.64,171,24,3,11,6.4,0.7,180,101,3,11,6.2,0.7,36,38,Early,,,,,,,,
10a,10,Rano Local Gov,Ruwan Kenya,15.2,21,,6.8,6.1,,16.1,22,,6.9,6.2,,66.1,35,,12.5,7.1,0.5,63,24,,11,6,0.6,60,30,,10.7,6,0.6,45,47,Late,,,,,,,,
10b,,Rano Local Gov,Ruwan Kenya,37.2,25,,7.7,5.1,,39.9,28,,8.7,6.1,,20.2,17,,11.8,7.3,0.5,,,,,,,,,,,,,45,47,Late,,,,,,,,
11a,11,Dawakin toea Local Gov,Dawakin toea Market,26.2,24,4,7.6,4.6,,41,42,4,10.5,5.4,,44.1,57,4,11.7,6.2,0.45,100,83,2,7.5,4.5,0.5,107,89,2,7.6,5,0.55,35,38,Early,,,,,,,,
11b,,Dawakin toea Local Gov,Dawakin toea Market,28.2,32,1,10.3,5.1,,72,35,2,10.3,6.3,,45,36,2,10.3,6.3,0.41,,,,,,,,,,,,,35,38,Early,,,,,,,,
12a,12,Dawakin toea Local Gov,Dawanao Market,37.7,23,,7.7,3.4,,38,32,2,8.1,5.4,,40.9,32,3,8.1,5.4,0.45,,,,,,,,,,,,,46,51,Late,1,8.4,0.805,0.805,4,"4(0.195, 0.188, 0.192, 0.190)",0.19,Brown
12b,,Dawakin toea Local Gov,Dawanao Market,34.6,23,,10.4,6.3,,45.5,38,2,10.4,5.5,,159.1,54,2,11.1,7,0.59,196,79,3,10,6.5,0.5,204,86,3,9.8,6.4,0.45,46,51,Late,1,10.4,1.377,1.377,7,"7(0.182, 0.175, 0.180, 0.178, 0.179, 0.181, 0.176)",0.18,Brown
13a,13,Kiru Local Gov,Round Market,33.2,26,3,9.4,7.5,,89,38,3,10,7.8,,59.5,43,3,10.5,8,0.58,67,60,3,8,8,0.55,72,74,3,8.4,8.5,0.55,,,,,,,,,,,
13b,,Kiru Local Gov,Round Market,57.6,21,,11.5,6.3,,126,39,1,11.5,7.6,,142.5,40,1,11.5,7.8,0.5,,,,,,,,,,,,,,,,,,,,,,,
14a,14,Kiru Local Gov,Kwanar Dangora,72.2,32,1,12.3,7.8,,132.5,54,1,12.3,6.5,,135,54,1,12.3,6.5,0.5,,,,,,,,,,,,,35,38,Early,,,,,,,,
14b,,Kiru Local Gov,Kwanar Dangora,27.1,24,,11.9,6.5,,75.7,32,1,12.5,7.3,,75.7,32,1,12.5,7.3,0.51,37,41,1,8.5,5.2,0.35,41,56,1,6,5,0.37,35,38,Early,,,,,,,,
15a,15,Wudil Local Gov,Wudil Market,22.6,16,,5.3,5.4,,23,24,1,7.5,5.6,,24,24,1,7.5,5.6,0.4,24,25,2,6,4.5,0.4,28,40,2,5.5,4.5,0.4,,,,,,,,,,,
15b,,Wudil Local Gov,Wudil Market,21.3,25,,7.2,4.7,,42.1,37,,8,6,,43.5,37,,8.5,,0.51,29,19,2,5,3.5,0.45,36,30,2,5.3,5,0.5,,,,,,,,,,,
16a,16,Wudil Local Gov,Darki Market,19.3,13,,8,4.6,,22.2,27,,8.5,3.8,,22.4,27,,9,5.4,0.48,24,32,2,7.5,5,0.4,30,41,2,6.9,5.5,0.45,42,47,Late,,,,,,,,
16b,,Wudil Local Gov,Darki Market,36.2,23,3,7.5,5.7,,22.1,32,,9.3,6.4,,167.3,42,,12,7.4,0.6,,,,,,,,,,,,,42,47,Late,,,,,,,,
17a,17,Dawakin Kadu,Lahadin Makoli,37.1,26,2,7.6,5.1,,37.5,36,2,7.6,4.7,,37.5,36,2,7.6,5.6,0.52,32,65,3,5,3.2,0.55,33,72,3,5.5,5,0.57,,,,,,,,,,,
17b,,Dawakin Kadu,Lahadin Makoli,58.7,33,1,9.9,6.8,,26.4,24,1,9.9,4.4,,27,24,1,9.9,5.6,0.41,32,50,3,8,5.1,0.45,36,64,3,9,5.8,0.47,,,,,,,,,,,
18a,18,Dawakin Kadu,Dawaki Market,60.3,26,1,11.8,8.6,,79.2,34,1,11.8,6.3,,79.7,41,1,12,8.9,0.61,82,64,1,11.4,7.5,0.7,94,79,1,11,6.9,0.8,32,38,Early,,,,,,,,
18b,,Dawakin Kadu,Dawaki Market,29.4,15,,9.4,6.2,,63.3,29,,9.6,5.4,,143,41,,12.6,7.1,0.85,210,51,1,13,7,0.6,213,68,1,10.5,7.5,0.65,32,38,Early,,,,,,,,
19a,19,Nasarawa Local Kano,Yankaba Market,98.6,32,2,14.2,7.6,,100,53,4,14.3,8,,110.2,71,4,14.3,8,0.71,102,96,2,12.2,6.4,0.6,104,109,2,11,5.3,0.65,30,38,Early,6,"5.8,8.9,6.5,5.5,4.3,5.0","0.45,1.006,0.718,0.087,0.305,0.3",0.48,"4,8,5,2,4,2","4(0.094, 0.130, 0.093, 0.115) 8(0.132, 0.097, 0.110, 0.105, 0.099, 0.120, 0.102, 0.108) 5(0.101, 0.095, 0.107, 0.099, 0.104) 2(0.125, 0.118)  4(0.140, 0.132, 0.128, 0.135) 2(0.090, 0.096)","0.11,0.11,0.12,0.133,0.093",Brown
19b,,Nasarawa Local Kano,Yankaba Market,21.3,14,,5.4,2.5,,22,20,,10.7,4.8,,30,26,,10.7,7,0.55,,,,,,,,,,,,,30,38,Early,3,"7.6,9.5,2.5","0.625,0.906,0.402",0.64,"8,8,3","8(0.081,0.079,0.082,0.080,0.083,0.078,0.084,0.077) 8(0.148,0.146,0.149,0.147,0.150,0.145,0.151,0.144) 3(0.149,0.147,0.150)","0.08,0.15,0.15",Brown
20a,20,Nasarawa Local Kano,Sabuwar Kaguwa,22.2,26,,8.6,5,,27,32,1,9.7,6.4,,29.3,40,2,10,6.4,0.5,32,35,2,9.1,5.5,0.55,36,58,3,7.4,6.1,0.58,36,38,Early,,,,,,,,
20b,,Nasarawa Local Kano,Sabuwar Kaguwa,28.1,20,,8.3,4.2,,28.6,29,1,8.3,3.6,,29.1,29,1,10.7,7.1,0.4,27,10,1,8.2,7,0.5,29,25,1,6.1,6.5,0.53,36,38,Early,,,,,,,,
,,,,,,,,,,,,,,,,,,,,,,,,,,,,,,,,,,,,,,,,,,,,
,,Second reading,,,,,,,,,,,,,,,,,,,,,,,,,,,,,,,,,,,,,,,,,,
Cultivar_Replicate,Reps,Local Gov ,,Wk2Ph,Wk2NL,Wk2NB,Wk2LL,Wk2LB,Wk2SD,Wk3PH,Wk3NL,Wk3NB,Wk3LL,Wk3LB,Wk3SD,Wk4PH,Wk4NL,Wk4NB,Wk4LL,Wk4LB,Wk4SD,Wk5PH,Wk5NL,Wk5NB,Wk5LL,Wk5LB,Wk5SD,Wk6PH,Wk6NL,Wk6NB,Wk6LL,Wk6LB,Wk6SD,,,,,,,,,,,
1a,1,Kura Local Gov Kano,Kura Market,120,49,3,7,4.7,,160,66,3,9.5,6.5,3.7,234,93,3,10.4,6.5,3.6,234,80,3,9.4,6.1,3.6,234,68,3,8.5,5.95,3.6,,,,,,,,,,,
1b,,Kura Local Gov Kano,Kura Market,79.5,40,4,7.5,4.9,,155,71,4,7.8,6.5,3.6,254,90,4,7.5,5.7,3.8,254,63,4,7,4.9,3.8,254,54,4,6.6,5.1,3.8,,,,,,,,,,,
2a,2,Kura Local Gov Kano,Dan hassan market,36,24,0,9.5,6,,72,50,2,9.5,6.8,3.6,133,68,2,9.3,6.1,3.5,133,49,2,9.7,6.7,3.5,133,42,2,10,7,3.5,,,,,,,,,,,
2b,,Kura Local Gov Kano,Dan hassan market,30,38,3,9.6,7,,120,49,4,9.5,6.6,4,140,63,4,8,6.2,3.8,140,76,4,8.5,6,3.95,140,84,4,8.8,6.2,3.95,,,,,,,,,,,
3a,3,Kumbotso Local Gov Kano,Kumbotso Market,0,0,0,0,0,,0,0,0,0,0,0,0,0,0,0,0,0,0,0,0,0,0,0,0,0,0,0,0,0,,,,,,,,,,,
3b,,Kumbotso Local Gov Kano,Kumbotso Market,21.5,13,0,10,5.6,,85,39,1,9.5,5.5,3.6,141,26,2,11.7,5.1,3.55,195,43,3,11.5,5.5,3.6,214.5,43,3,11.9,5.3,3.6,,,,,,,,,,,
4a,4,Kumbotso Local Gov Kano,Garu Market,0,0,0,0,0,,0,0,0,0,0,0,0,0,0,0,0,0,0,0,0,0,0,0,0,0,0,0,0,0,,,,,,,,,,,
4b,,Kumbotso Local Gov Kano,Garu Market,17.5,14,0,8,4.6,,33,34,2,9.6,6.6,3.7,65.3,56,2,10.2,8.4,3.65,135,99,4,9,7,3.8,153.9,109,4,8.2,7.1,3.8,,,,,,,,,,,
5a,5,Bichi Local Gov Kano,Danzabura Market,120,40,2,9.2,5.3,,220,62,3,9.8,5.7,3.8,235,72,3,10.7,5.2,3.7,209,96,2,8,5.6,3.8,188,106,2,7.2,6,3.8,,,,,,,,,,,
5b,,Bichi Local Gov Kano,Danzabura Market,0,0,0,0,0,,0,0,0,0,0,0,0,0,0,0,0,0,0,0,0,0,0,0,0,0,0,0,0,0,,,,,,,,,,,
6a,6,Bichi Local Gov Kano,Bichi Market,92,26,2,6.8,5.5,,162,84,3,10.4,6.4,3.9,260,109,4,7.7,7.3,3.7,260,21,2,10,7.6,3.8,260,18,2,6.8,7.9,3.8,,,,,,,,,,,
6b,,Bichi Local Gov Kano,Bichi Market,70,35,3,10.2,5.6,,104,73,4,9.3,6,3.7,143,94,4,8.3,5.8,3.7,143,81,4,8,5.7,3.7,143,73,4,7.2,5.85,3.7,,,,,,,,,,,
7a,7,Samalia Local Gov,Sumailia Market,0,0,0,0,0,,0,0,0,0,0,0,0,0,0,0,0,0,0,0,0,0,0,0,0,0,0,5.9,0,0,,,,,,,,,,,
7b,,Samalia Local Gov,Sumailia Market,43,23,0,8.5,6.5,,160,51,0,11.3,7,3.6,260,65,0,10.3,6.2,3.55,260,10,0,7.5,3.7,3.65,260,8,0,0,5.6,3.65,,,,,,,,,,,
8a,8,Samalia Local Gov,Gani Market,50,23,0,12,7.5,,160,152,3,12.9,7.1,3.65,234,170,3,10.6,7.3,3.7,276,153,3,8,4.3,3.7,303.6,138,3,8.8,6,3.7,,,,,,,,,,,
8b,,Samalia Local Gov,Gani Market,46,32,2,8,6.2,,150,143,2,8.6,5.6,3.7,240,160,2,8.2,6.7,3.7,240,161,2,6.5,5.2,3.8,240,177,2,0,5.5,3.8,,,,,,,,,,,
9a,9,Rano Local Gov,Rano Market,0,0,0,0,0,,0,0,0,0,0,0,0,0,0,0,0,0,0,0,0,0,0,0,0,0,0,10,0,0,,,,,,,,,,,
9b,,Rano Local Gov,Rano Market,0,0,0,0,0,,17,5,0,6.8,4.1,3.7,23.5,12,0,8.1,5.4,3.4,40,42,3,8.5,5.4,3.6,46.7,46,3,11.9,5.5,3.6,,,,,,,,,,,
10a,10,Rano Local Gov,Ruwan Kenya,0,0,0,0,0,,0,0,0,0,0,0,0,0,0,0,0,0,0,0,0,0,0,0,0,0,0,10.8,0,0,,,,,,,,,,,
10b,,Rano Local Gov,Ruwan Kenya,26,17,0,10,4.5,,90,29,2,10.5,4.7,3.75,140,41,2,7.4,4.3,3.8,155,84,3,10,5.7,3.8,167.4,92,3,11.4,5.2,3.8,,,,,,,,,,,
11a,11,Dawakin toea Local Gov,Dawakin toea Market,180,40,1,11.5,6,,250,43,1,13.7,6.2,3.55,310,66,1,11,7,3.55,320,90,1,11.5,7.1,3.6,329.1,99,1,9.8,7.3,3.6,,,,,,,,,,,
11b,,Dawakin toea Local Gov,Dawakin toea Market,20,14,0,9,4.9,,60,17,0,12,6.7,3.5,130,24,0,10,6.5,3.7,231,90,3,10.5,7.8,3.8,262.8,99,3,8.5,6.3,3.8,,,,,,,,,,,
12a,12,Dawakin toea Local Gov,Dawanao Market,42,20,0,8,4.3,,160,41,2,3.4,7.4,3.55,300,61,4,10.4,6.5,3.6,324,102,4,11,7.4,3.8,346.8,112,4,11.4,6.9,3.8,,,,,,,,,,,
12b,,Dawakin toea Local Gov,Dawanao Market,51,41,2,4,6.2,,160,136,4,10.6,6.8,3.8,180,170,6,10.4,6.1,3.85,194,201,6,10,6.2,3.95,204.3,221,6,7.2,6,3.95,,,,,,,,,,,
13a,13,Kiru Local Gov,Round Market,39,27,0,10,6.4,,170,33,0,12.3,8.5,3.55,296,57,0,10.6,8.2,3.55,334,102,0,9,7.7,3.75,361,112,0,8.5,7.3,3.75,,,,,,,,,,,
13b,,Kiru Local Gov,Round Market,0,0,0,0,0,,0,0,0,0,0,0,0,0,0,0,0,0,0,0,0,0,0,0,0,0,0,0,0,0,,,,,,,,,,,
14a,14,Kiru Local Gov,Kwanar Dangora,48,36,2,8.2,5.5,,143,34,4,10.2,6.2,3.7,160,57,4,10.4,6.5,3.8,172,79,4,8,5.7,3.9,181.5,87,4,9,6.1,3.9,,,,,,,,,,,
14b,,Kiru Local Gov,Kwanar Dangora,0,0,0,0,0,,0,0,0,0,0,0,0,0,0,0,0,0,0,0,0,0,0,0,0,0,0,0,0,0,,,,,,,,,,,
15a,15,Wudil Local Gov,Wudil Market,55,22,0,13.5,7.5,,110,61,1,13.5,6.7,3.65,130,82,3,12,8.1,3.7,161,122,3,13,7.5,3.8,178,134,3,13.4,7.6,3.8,,,,,,,,,,,
15b,,Wudil Local Gov,Wudil Market,30,24,0,11,8,,110,44,1,12.7,8.9,3.65,160,72,3,11.4,9,3.65,231,111,3,10.5,8,3.7,260,122,3,10.2,7.6,3.7,,,,,,,,,,,
16a,16,Wudil Local Gov,Darki Market,80,36,0,12.5,7.5,,250,69,1,12.5,9,3.7,350,108,3,13,9,3.7,350,127,3,13,9.2,3.8,350,140,3,13.4,8.3,3.8,,,,,,,,,,,
16b,,Wudil Local Gov,Darki Market,80,36,0,12.5,7.5,,150,54,3,10.2,6.9,3.6,230,71,4,9,5.5,3.65,250,150,4,11,7.3,3.8,262,165,4,11.4,6.1,3.8,,,,,,,,,,,
17a,17,Dawakin Kadu,Lahadin Makoli,79,20,1,11.5,7.9,,241,62,2,10.6,7.7,3.7,350,81,3,10.7,7.1,3.7,261,106,3,11,7.7,3.7,280,117,3,11.3,8,3.7,,,,,,,,,,,
17b,,Dawakin Kadu,Lahadin Makoli,25,32,0,9,5.2,,115,47,0,10,6.5,3.45,240,78,0,11.5,8,3.55,263,110,0,11.8,7.3,3.6,280,121,0,12.1,7.4,3.6,,,,,,,,,,,
18a,18,Dawakin Kadu,Dawaki Market,74,36,0,12,7.3,,243,71,0,11.2,6.3,3.55,362,102,0,12,8.7,3.65,370,143,0,11,6,3.65,376,157,0,10.5,7.4,3.65,,,,,,,,,,,
18b,,Dawakin Kadu,Dawaki Market,180,32,0,12.3,8.2,,249,85,2,10.8,9,3.7,297,96,2,13,7.5,3.7,311,124,2,11.5,6.2,3.8,321,16,2,10.4,5.6,3.8,,,,,,,,,,,
19a,19,Nasarawa Local Kano,Yankaba Market,151,39,2,11,5.9,,262.5,83,2,11.5,5.3,3.6,301,105,2,12.4,7,3.55,321,191,2,10,5.5,3.7,337,210,2,0,5.8,3.7,,,,,,,,,,,
19b,,Nasarawa Local Kano,Yankaba Market,48,23,0,10.4,6.5,,150,47,2,11.3,7.1,3.6,310,78,2,10.3,6.2,3.7,333,106,4,10,7,3.7,350,117,4,9.5,7.4,3.7,,,,,,,,,,,
20a,20,Nasarawa Local Kano,Sabuwar Kaguwa,96,46,0,10.3,7.5,,270,150,0,13.5,8.4,3.8,360,162,1,11.5,7.7,3.8,360,209,1,11.7,7.2,3.8,360,230,1,12,6.8,3.8,,,,,,,,,,,
20b,,Nasarawa Local Kano,Sabuwar Kaguwa,15,9,0,5.2,3.3,,23.5,15,0,8,4.2,3.4,74.5,21,0,10,5.2,3.45,84,54,2,13,7.5,3.5,91.8,59,2,13.7,7.7,3.5,,,,,,,,,,,